ID,Name,Country
1,John Lee,US
2,Jovan Roover,DE
3,Emma Watson,UK
ID,Name,Country
1,John Lee,US
2,Jovan Roover,DE
3,Emma Watson,UK
ID,Name,Country
1,John Lee,US
2,Jovan Roover,DE
3,Emma Watson,UK
1,John Lee,US
2,Jovan Roover,DE
3,Emma Watson,UK
1,John Lee,US
2,Jovan Roover,DE
3,Emma Watson,UK
1,John Lee,US
2,Jovan Roover,DE
3,Emma Watson,UK
1,John Lee,US
2,Jovan Roover,DE
3,Emma Watson,UK
1,John Lee,US
2,Jovan Roover,DE
3,Emma Watson,UK
1,John Lee,US
2,Jovan Roover,DE
3,Emma Watson,UK
kzm2,abc2,xyz22,42,abc,jjj,Sat Aug 10 00:00:00 IST 2019,5562,7892,oop2,5562,orpr2
